<?xml version="1.0" encoding="UTF-8"?>

<beans xmlns="http://www.springframework.org/schema/beans"
	xmlns:xsi="http://www.w3.org/2001/XMLSchema-instance"
	xmlns:mvc="http://www.springframework.org/schema/mvc"
	xmlns:context="http://www.springframework.org/schema/context"
	xmlns:jdbc="http://www.springframework.org/schema/jdbc"
	xmlns:mybatis-spring="http://mybatis.org/schema/mybatis-spring"
	xsi:schemaLocation="http://www.springframework.org/schema/jdbc http://www.springframework.org/schema/jdbc/spring-jdbc-4.3.xsd
		http://www.springframework.org/schema/mvc http://www.springframework.org/schema/mvc/spring-mvc-4.3.xsd
		http://mybatis.org/schema/mybatis-spring http://mybatis.org/schema/mybatis-spring-1.2.xsd
		http://www.springframework.org/schema/beans http://www.springframework.org/schema/beans/spring-beans-4.3.xsd
		http://www.springframework.org/schema/context http://www.springframework.org/schema/context/spring-context-4.3.xsd">
	<!-- SQL 정보 파트 -->
	<context:annotation-config/>
	<bean id="datasouce" class="org.apache.commons.dbcp.BasicDataSource" destroy-method="close">
	<property name="driverClassName" value="com.mysql.jdbc.Driver"></property>
	<property name="url" value="jdbc:mysql://umj7-003.cafe24.com/wkdwlsgh8"></property>
	<property name="username" value="wkdwlsgh8"></property>
	<property name="password" value="sk4748385!!"></property>
	</bean>
	
	<!-- SQL 문법 로드 파트 -->
	
	<!-- config :자바 클래스르 로드하여 xml에서 사용할 수 있도록 하는 역할 
		 mapper: db 문법 sqlsessionfactory: xml에 사용된 sql 문법을 실제 데이터베이스에 적용
	-->
	<bean id="sqlsessionfactory" class="org.mybatis.spring.SqlSessionFactoryBean">
		<property name="dataSource" ref="datasouce"/>
		<property name="configLocation" value="classpath:/META-INF/config.xml"/>
		<property name="mapperLocations" value="classpath:/META-INF/mapper.xml"/>
	</bean>
	
	<!-- SQL Temlate java (핸들링(Module) -->
	<bean id="sqlsession" class="org.mybatis.spring.SqlSessionTemplate">
		<constructor-arg name="sqlSessionFactory" ref ="sqlsessionfactory"></constructor-arg>
	</bean>
</beans>