<?xml version="1.0" encoding="UTF-8"?>
<beans:beans xmlns="http://www.springframework.org/schema/mvc"
	xmlns:beans="http://www.springframework.org/schema/beans"
	xmlns:xsi="http://www.w3.org/2001/XMLSchema-instance"
	xmlns:context="http://www.springframework.org/schema/context"
	xsi:schemaLocation="http://www.springframework.org/schema/mvc http://www.springframework.org/schema/mvc/spring-mvc-4.3.xsd
		http://www.springframework.org/schema/beans http://www.springframework.org/schema/beans/spring-beans-4.3.xsd
		http://www.springframework.org/schema/context http://www.springframework.org/schema/context/spring-context-4.3.xsd">

	<annotation-driven/>
	<resources location="/" mapping="/**"/>
	<beans:bean class="org.springframework.web.servlet.view.InternalResourceViewResolver">
	<beans:property name="prefix" value="/"/>
	<beans:property name="suffix" value=".jsp"/>
	</beans:bean>
	<!-- 
	<beans:bean class="batis.webpage"/>
	 -->
	<context:component-scan base-package="batis"/>
	<!-- 파일 업로드 기능 추가 -->
	<beans:bean id="multipartResolver" class="org.springframework.web.multipart.commons.CommonsMultipartResolver">
		 <beans:property name="defaultEncoding" value="utf-8"></beans:property>
		 <beans:property name="maxUploadSize" value="2097152"></beans:property>
	</beans:bean>

</beans:beans>