<?xml version="1.0" encoding="UTF-8"?>
<!DOCTYPE mapper PUBLIC "-//mybatis.org//DTD Mapper 3.0//EN" "http://mybatis.org/dtd/mybatis-3-mapper.dtd">
<!-- namespace 그룹명
	namespace 안에 id는 절대 중복x
 -->
<mapper namespace="reviewDB">
	<!-- ${} : 필드명, 테이블 
		#{} : 값 rname="홍길동";
	-->
	<!-- 
		parameterType ; string, int, double, long...
		resultType : select문에만 사용, int, Integer,String, dto,vo,map
		limit 사용시 parameterType int를 이용해서 사용
	 -->
	 <insert id="files_insert">
		insert into files values ('0', #{fname})
	</insert>
	<select id = "file_select" parameterType="string" resultType="filevo">
		select * from files order by fidx desc;
	</select>
	<select id="selectall" parameterType="int" resultType="Datavo">
		select * from review order by ridx desc limit #{a},2
	</select>
	<!-- 내용 검색  -->
	<select id="selectsearch" parameterType="string" resultType="Datavo">
		select * from review where rtext like concat('%',#{value},'%') order by ridx desc
	</select>
	<select id="selectcount" parameterType="string" resultType="Datavo">
		select * from review 
	</select>
	<select id="selectcount1" parameterType="string" resultType="string">
		select count(*) as ctn from review 
	</select>
	<!-- db에 컬럼명과 vo명 같으므로 바로 입력이 가능 -->
	<insert id="review_insert">
		insert into review values ('0', #{rname}, #{rpass}, #{rtext}, now())
	</insert>
	<!-- 삭제시 해당 컬럼명을 이용하여 사용함 dto,vo를 사용하지 않음 -->
	<delete id="review_delete">
		delete from review where ridx= #{value}
	</delete>
	<select id="selectone" parameterType="string" resultType="Datavo">
		select * from review where ridx=#{aaa}
	</select>
	<update id="review_update">
		update review set rtext = #{rtext}, rindate= now() where ridx= #{ridx}
	</update>
</mapper>